{
    "Objects": [
        {
            "name": "Land_Wreck_C130J_Cargo",
            "pos": [
                12390.892578,
                145.412436,
                12409.828125
            ],
            "ypr": [
                95.305290,
                0.076398,
                8.146673
            ]
        },
        {
            "name": "Land_Wreck_C130J_Cargo",
            "pos": [
                5118.1,
                14.8,
                2337.9
            ],
            "ypr": [
                95.305290,
                0.076398,
                8.146673
            ]
        },
        {
            "name": "Land_Wreck_C130J_Cargo",
            "pos": [
                4129.0,
                344.2,
                10804.3
            ],
            "ypr": [
                95.305290,
                0.076398,
                8.146673
            ]
        }
    ]
}