{
    "Objects": [
        {
            "name": "Wreck_Mi8_Crashed",
            "pos": [
                3697.033935546875,
                403.85113525390627,
                5991.9013671875
            ],
            "ypr": [
                0.0,
                0.0,
                -0.0
            ],
            "scale": 0.9999998211860657,
            "enableCEPersistency": 0,
            "customString": ""
        },
        {
            "name": "Wreck_UH1Y",
            "pos": [
                8150.9326171875,
                477.2582702636719,
                9172.5546875
            ],
            "ypr": [
                0.0,
                -2.8244574069976808,
                -0.30540674924850466
            ],
            "scale": 0.9995905160903931,
            "enableCEPersistency": 0,
            "customString": ""
        }
    ]
}