{
    "Objects": [
        {
            "name": "Land_Misc_Toilet_Mobile",
            "pos": [
                6550.177734375,
                15.31020736694336,
                2614.883056640625
            ],
            "ypr": [
                43.69804382324219,
                0.0,
                -0.0
            ],
            "scale": 0.9999194145202637,
            "enableCEPersistency": 0,
            "customString": ""
        },
        {
            "name": "Land_Misc_Toilet_Mobile",
            "pos": [
                12983.9462890625,
                7.367565631866455,
                10241.21484375
            ],
            "ypr": [
                111.22364807128906,
                0.0,
                -0.0
            ],
            "scale": 0.9999999403953552,
            "enableCEPersistency": 0,
            "customString": ""
        },
        {
            "name": "Land_Misc_Toilet_Mobile",
            "pos": [
                11645.5068359375,
                59.440223693847659,
                14109.6416015625
            ],
            "ypr": [
                97.12501525878906,
                0.0,
                -0.0
            ],
            "scale": 0.9999998211860657,
            "enableCEPersistency": 0,
            "customString": ""
        }
    ]
}